question,options,correct_option
What is the purpose of opening a bank account?,"a. To hold and build money for major purchases and life events
b. To store cash at home
c. To invest in stocks and bonds
d. To hide money from the government",a
What is the main difference between a debit card and a credit card?,"a. Debit cards allow you to borrow money, while credit cards do not
b. Credit cards take money directly from your bank account, while debit cards do not
c. Credit cards help you build a credit history, while debit cards do not
d. Debit cards charge interest on unpaid balances, while credit cards do not",c
What is APR in relation to credit cards?,"a. Annual Payment Rate
b. Additional Purchase Requirement
c. Average Percentage Return
d. Annual Percentage Rate",d
